,symbol,company_name,sector,sub_industry,market_cap
44,AAPL,Apple Inc.,Information Technology,"Technology Hardware, Storage & Peripherals",2796956155904
318,MSFT,Microsoft,Information Technology,Systems Software,2386941706240
23,GOOG,Alphabet Inc. (Class C),Communication Services,Interactive Media & Services,1656406802432
22,GOOGL,Alphabet Inc. (Class A),Communication Services,Interactive Media & Services,1653237481472
25,AMZN,Amazon,Consumer Discretionary,Broadline Retail,1424164126720
349,NVDA,Nvidia,Information Technology,Semiconductors,1023506317312
312,META,Meta Platforms,Communication Services,Interactive Media & Services,768367984640
445,TSLA,"Tesla, Inc.",Consumer Discretionary,Automobile Manufacturers,748223856640
476,V,Visa Inc.,Financials,Transaction & Payment Processing Services,505446793216
171,LLY,Eli Lilly and Company,Health Care,Pharmaceuticals,505180585984
465,UNH,UnitedHealth Group,Health Care,Managed Health Care,474547027968
268,JNJ,Johnson & Johnson,Health Care,Pharmaceuticals,455271514112
191,XOM,ExxonMobil,Energy,Integrated Oil & Gas,449215528960
270,JPM,JPMorgan Chase,Financials,Diversified Banks,445272653824
480,WMT,Walmart,Consumer Staples,Consumer Staples Merchandise Retail,435351420928
305,MA,Mastercard,Financials,Transaction & Payment Processing Services,376492982272
382,PG,Procter & Gamble,Consumer Staples,Personal Care Products,369530470400
78,AVGO,Broadcom Inc.,Information Technology,Semiconductors,345361612800
237,HD,Home Depot (The),Consumer Discretionary,Home Improvement Retail,330930880512
358,ORCL,Oracle Corporation,Information Technology,Application Software,310239920128
106,CVX,Chevron Corporation,Energy,Integrated Oil & Gas,304550805504
311,MRK,Merck & Co.,Health Care,Pharmaceuticals,274652495872
3,ABBV,AbbVie,Health Care,Pharmaceuticals,269018939392
119,KO,Coca-Cola Company (The),Consumer Staples,Soft Drinks & Non-alcoholic Beverages,265204858880
370,PEP,PepsiCo,Consumer Staples,Soft Drinks & Non-alcoholic Beverages,253510975488
134,COST,Costco,Consumer Staples,Consumer Staples Merchandise Retail,250533707776
60,BAC,Bank of America,Financials,Diversified Banks,244875001856
7,ADBE,Adobe Inc.,Information Technology,Application Software,233043705856
113,CSCO,Cisco,Information Technology,Communications Equipment,219462352896
308,MCD,McDonald's,Consumer Discretionary,Restaurants,210434998272
448,TMO,Thermo Fisher Scientific,Health Care,Life Sciences Tools & Services,207976906752
411,CRM,Salesforce,Information Technology,Application Software,203458854912
371,PFE,Pfizer,Health Care,Pharmaceuticals,203187126272
4,ACN,Accenture,Information Technology,IT Consulting & Other Services,194936897536
122,CMCSA,Comcast,Communication Services,Cable & Satellite,194769829888
141,DHR,Danaher Corporation,Health Care,Health Care Equipment,188730163200
334,NFLX,Netflix,Communication Services,Movies & Entertainment,188440920064
290,LIN,Linde plc,Materials,Industrial Gases,185899991040
2,ABT,Abbott,Health Care,Health Care Equipment,183653810176
27,AMD,AMD,Information Technology,Semiconductors,174096023552
435,TMUS,T-Mobile US,Communication Services,Wireless Telecommunication Services,166430752768
340,NKE,"Nike, Inc.",Consumer Discretionary,"Apparel, Accessories & Luxury Goods",164880596992
152,DIS,Disney,Communication Services,Movies & Entertainment,161441955840
485,WFC,Wells Fargo,Financials,Diversified Banks,159103533056
446,TXN,Texas Instruments,Information Technology,Semiconductors,151908401152
463,UPS,United Parcel Service,Industrials,Air Freight & Logistics,150224060416
373,PM,Philip Morris International,Consumer Staples,Tobacco,149104328704
94,CAT,Caterpillar Inc.,Industrials,Construction Machinery & Heavy Transportation Equipment,145872912384
254,INTC,Intel,Information Technology,Semiconductors,144590438400
328,MS,Morgan Stanley,Financials,Investment Banking & Brokerage,143702589440
72,BA,Boeing,Industrials,Aerospace & Defense,142288044032
125,COP,ConocoPhillips,Energy,Oil & Gas Exploration & Production,141310803968
38,AMGN,Amgen,Health Care,Biotechnology,140210077696
259,INTU,Intuit,Information Technology,Application Software,139727536128
471,VZ,Verizon,Communication Services,Integrated Telecommunication Services,139698913280
461,UNP,Union Pacific Corporation,Industrials,Rail Transportation,139626250240
339,NEE,NextEra Energy,Utilities,Multi-Utilities,138685218816
295,LOW,Lowe's,Consumer Discretionary,Home Improvement Retail,131447259136
246,IBM,IBM,Information Technology,IT Consulting & Other Services,129993728000
77,BMY,Bristol Myers Squibb,Health Care,Pharmaceuticals,129212784640
144,DE,John Deere,Industrials,Agricultural & Farm Machinery,127512133632
238,HON,Honeywell,Industrials,Industrial Conglomerates,126971232256
396,RTX,RTX Corporation,Industrials,Aerospace & Defense,126843322368
392,QCOM,Qualcomm,Information Technology,Semiconductors,125943267328
218,GE,General Electric,Industrials,Industrial Conglomerates,124673933312
410,SPGI,S&P Global,Financials,Financial Exchanges & Data,124460777472
31,AXP,American Express,Financials,Consumer Finance,120742453248
73,BKNG,Booking Holdings,Consumer Discretionary,"Hotels, Restaurants & Leisure",117709922304
45,AMAT,Applied Materials,Information Technology,Semiconductor Materials & Equipment,116901183488
427,SBUX,Starbucks,Consumer Discretionary,Restaurants,115339304960
293,LMT,Lockheed Martin,Industrials,Aerospace & Defense,114666209280
384,PLD,Prologis,Real Estate,Industrial REITs,113928003584
417,NOW,ServiceNow,Information Technology,Systems Software,113684881408
104,SCHW,Charles Schwab Corporation,Financials,Investment Banking & Brokerage,113679695872
225,GS,Goldman Sachs,Financials,Investment Banking & Brokerage,111426600960
170,ELV,Elevance Health,Health Care,Managed Health Care,111165767680
310,MDT,Medtronic,Health Care,Health Care Equipment,110976147456
431,SYK,Stryker Corporation,Health Care,Health Care Equipment,107504992256
260,ISRG,Intuitive Surgical,Health Care,Health Care Equipment,107013955584
8,ADP,ADP,Industrials,Human Resource & Employment Services,104426135552
70,BLK,BlackRock,Financials,Asset Management & Custody Banks,102908215296
51,T,AT&T,Communication Services,Integrated Telecommunication Services,101480054784
324,MDLZ,Mondelez International,Consumer Staples,Packaged Foods & Meats,100572618752
449,TJX,TJX Companies,Consumer Discretionary,Apparel Retail,100041351168
222,GILD,Gilead Sciences,Health Care,Biotechnology,100024999936
139,CVS,CVS Health,Health Care,Health Care Services,95139438592
302,MMC,Marsh McLennan,Financials,Insurance Brokers,94592188416
40,ADI,Analog Devices,Information Technology,Semiconductors,91980120064
472,VRTX,Vertex Pharmaceuticals,Health Care,Biotechnology,90225614848
502,ZTS,Zoetis,Health Care,Pharmaceuticals,88563761152
284,LRCX,Lam Research,Information Technology,Semiconductor Materials & Equipment,88302354432
399,REGN,Regeneron,Health Care,Biotechnology,88249630720
164,ETN,Eaton Corporation,Industrials,Electrical Components & Equipment,87185776640
33,AMT,American Tower,Real Estate,Telecom Tower REITs,86273875968
110,CI,Cigna,Health Care,Managed Health Care,85851701248
114,C,Citigroup,Financials,Diversified Banks,84952260608
413,SLB,Schlumberger,Energy,Oil & Gas Equipment & Services,84290920448
108,CB,Chubb Limited,Financials,Property & Casualty Insurance,83499548672
63,BDX,Becton Dickinson,Health Care,Health Care Equipment,79845138432
24,MO,Altria,Consumer Staples,Tobacco,77890215936
202,FI,Fiserv,Financials,Transaction & Payment Processing Services,77651427328
175,EOG,EOG Resources,Energy,Oil & Gas Exploration & Production,76657475584
424,SO,Southern Company,Utilities,Electric Utilities,75215798272
117,CME,CME Group,Financials,Financial Exchanges & Data,74212524032
383,PGR,Progressive Corporation,Financials,Property & Casualty Insurance,74145800192
76,BSX,Boston Scientific,Health Care,Health Care Equipment,73768386560
229,HCA,HCA Healthcare,Health Care,Health Care Facilities,73638576128
317,MU,Micron Technology,Information Technology,Semiconductors,72782675968
179,EQIX,Equinix,Real Estate,Data Center REITs,72364122112
249,ITW,Illinois Tool Works,Industrials,Industrial Machinery & Supplies & Components,71986749440
160,DUK,Duke Energy,Utilities,Electric Utilities,71709171712
5,ATVI,Activision Blizzard,Communication Services,Interactive Home Entertainment,71536541696
418,SHW,Sherwin-Williams,Materials,Specialty Chemicals,70722461696
368,PYPL,PayPal,Financials,Transaction & Payment Processing Services,70245097472
363,PANW,Palo Alto Networks,Information Technology,Application Software,66921074688
197,FDX,FedEx,Industrials,Air Freight & Logistics,66775552000
482,WM,Waste Management,Industrials,Environmental & Facilities Services,65601277952
42,AON,Aon,Financials,Insurance Brokers,65585430528
279,KLAC,KLA Corporation,Information Technology,Semiconductor Materials & Equipment,65489199104
433,SNPS,Synopsys,Information Technology,Application Software,65474445312
345,NOC,Northrop Grumman,Industrials,Aerospace & Defense,65440038912
255,ICE,Intercontinental Exchange,Financials,Financial Exchanges & Data,64068378624
105,CHTR,Charter Communications,Communication Services,Cable & Satellite,64068157440
13,APD,Air Products and Chemicals,Materials,Industrial Gases,64018071552
299,MPC,Marathon Petroleum,Energy,Oil & Gas Refining & Marketing,63695900672
121,CL,Colgate-Palmolive,Consumer Staples,Household Products,63515877376
301,MAR,Marriott International,Consumer Discretionary,"Hotels, Resorts & Cruise Lines",62712369152
217,GD,General Dynamics,Industrials,Aerospace & Defense,62009430016
243,HUM,Humana,Health Care,Managed Health Care,62003957760
327,MCO,Moody's Corporation,Financials,Financial Exchanges & Data,61724811264
137,CSX,CSX,Industrials,Rail Transportation,61473947648
84,CDNS,Cadence Design Systems,Information Technology,Application Software,61276418048
326,MNST,Monster Beverage,Consumer Staples,Soft Drinks & Non-alcoholic Beverages,61054599168
440,TGT,Target Corporation,Consumer Staples,Consumer Staples Merchandise Retail,60196655104
182,EL,Estée Lauder Companies (The),Consumer Staples,Personal Care Products,60009639936
309,MCK,McKesson,Health Care,Health Care Distributors,59468521472
458,USB,U.S. Bank,Financials,Diversified Banks,59354664960
352,ORLY,O'Reilly Auto Parts,Consumer Discretionary,Specialty Stores,57738764288
353,OXY,Occidental Petroleum,Energy,Oil & Gas Exploration & Production,57575518208
211,FCX,Freeport-McMoRan,Materials,Copper,57510760448
0,MMM,3M,Industrials,Industrial Conglomerates,57103568896
376,PXD,Pioneer Natural Resources,Energy,Oil & Gas Exploration & Production,55206105088
172,EMR,Emerson Electric,Industrials,Electrical Components & Equipment,54578253824
48,ANET,Arista Networks,Information Technology,Communications Equipment,54183821312
365,PH,Parker Hannifin,Industrials,Industrial Machinery & Supplies & Components,53264367616
374,PSX,Phillips 66,Energy,Oil & Gas Refining & Marketing,52971032576
351,NXPI,NXP Semiconductors,Information Technology,Semiconductors,52558094336
407,ROP,Roper Technologies,Information Technology,Electronic Equipment & Instruments,52346265600
166,ECL,Ecolab,Materials,Specialty Chemicals,52340260864
39,APH,Amphenol,Information Technology,Electronic Components,51907346432
107,CMG,Chipotle Mexican Grill,Consumer Discretionary,Restaurants,51211776000
377,PNC,PNC Financial Services,Financials,Regional Banks,50748981248
388,PSA,Public Storage,Real Estate,Self-Storage REITs,50430328832
112,CTAS,Cintas,Industrials,Diversified Support Services,49796796416
467,VLO,Valero Energy,Energy,Oil & Gas Refining & Marketing,49357914112
127,STZ,Constellation Brands,Consumer Staples,Distillers & Vintners,49099665408
168,EW,Edwards Lifesciences,Health Care,Health Care Equipment,48897204224
343,NSC,Norfolk Southern Railway,Industrials,Rail Transportation,48712683520
313,MET,MetLife,Financials,Life & Health Insurance,48598999040
205,F,Ford Motor Company,Consumer Discretionary,Automobile Manufacturers,48328900608
330,MSI,Motorola Solutions,Information Technology,Communications Equipment,48107102208
49,AJG,Arthur J. Gallagher & Co.,Financials,Insurance Brokers,48082157568
233,HES,Hess Corporation,Energy,Integrated Oil & Gas,48007581696
452,TDG,TransDigm Group,Industrials,Aerospace & Defense,47900221440
273,KDP,Keurig Dr Pepper,Consumer Staples,Soft Drinks & Non-alcoholic Beverages,47419686912
206,FTNT,Fortinet,Information Technology,Systems Software,46844796928
401,RSG,Republic Services,Industrials,Environmental & Facilities Services,46831874048
220,GM,General Motors,Consumer Discretionary,Automobile Manufacturers,46826192896
92,CARR,Carrier Global,Industrials,Building Products,46174892032
451,TT,Trane Technologies,Industrials,Building Products,46165704704
6,ADM,ADM,Consumer Staples,Agricultural Products & Services,46098452480
11,AFL,Aflac,Financials,Life & Health Insurance,46005846016
232,HSY,Hershey's,Consumer Staples,Packaged Foods & Meats,45663760384
366,PAYX,Paychex,Industrials,Human Resource & Employment Services,45338656768
54,AZO,AutoZone,Consumer Discretionary,Specialty Stores,45231407104
136,CCI,Crown Castle,Real Estate,Telecom Tower REITs,44897959936
416,SRE,Sempra Energy,Utilities,Multi-Utilities,44771971072
53,ADSK,Autodesk,Information Technology,Application Software,44767047680
354,ODFL,Old Dominion,Industrials,Cargo Ground Transportation,44755910656
316,MCHP,Microchip Technology,Information Technology,Semiconductors,44488421376
419,SPG,Simon Property Group,Real Estate,Retail REITs,44436033536
361,PCAR,Paccar,Industrials,Construction Machinery & Heavy Transportation Equipment,44428849152
331,MSCI,MSCI,Financials,Financial Exchanges & Data,43955609600
148,DXCM,Dexcom,Health Care,Health Care Equipment,43749568512
276,KMB,Kimberly-Clark,Consumer Staples,Household Products,43422949376
32,AIG,American International Group,Financials,Property & Casualty Insurance,43244244992
492,WMB,Williams Companies,Energy,Oil & Gas Storage & Transportation,42837651456
286,LVS,Las Vegas Sands,Consumer Discretionary,Casinos & Gaming,42732589056
219,GIS,General Mills,Consumer Staples,Packaged Foods & Meats,42501836800
348,NUE,Nucor,Materials,Steel,42396393472
280,KHC,Kraft Heinz,Consumer Staples,Packaged Foods & Meats,42370461696
248,IDXX,Idexx Laboratories,Health Care,Health Care Equipment,42314235904
130,CPRT,Copart,Industrials,Diversified Support Services,41907298304
441,TEL,TE Connectivity,Information Technology,Electronic Manufacturing Services,41818914816
486,WELL,Welltower,Real Estate,Health Care REITs,41666109440
30,AEP,American Electric Power,Utilities,Electric Utilities,41456119808
140,DHI,D.R. Horton,Consumer Discretionary,Homebuilding,41322397696
88,COF,Capital One,Financials,Consumer Finance,41099665408
455,TFC,Truist,Financials,Regional Banks,40925085696
235,HLT,Hilton Worldwide,Consumer Discretionary,"Hotels, Resorts & Cruise Lines",40779022336
155,D,Dominion Energy,Utilities,Electric Utilities,40773021696
356,ON,ON Semiconductor,Information Technology,Semiconductors,40693231616
263,IQV,IQVIA,Health Care,Life Sciences Tools & Services,40652857344
269,JCI,Johnson Controls,Industrials,Building Products,40363204608
372,PCG,PG&E Corporation,Utilities,Multi-Utilities,40335687680
187,EXC,Exelon,Utilities,Multi-Utilities,39663415296
278,KMI,Kinder Morgan,Energy,Oil & Gas Storage & Transportation,39394045952
397,O,Realty Income,Real Estate,Retail REITs,39269040128
69,BIIB,Biogen,Health Care,Biotechnology,39243898880
408,ROST,Ross Stores,Consumer Discretionary,Apparel Retail,38998298624
158,DOW,Dow Inc.,Materials,Commodity Chemicals,38909399040
36,ABC,AmerisourceBergen,Health Care,Health Care Distributors,38118744064
453,TRV,Travelers Companies (The),Financials,Property & Casualty Insurance,37928820736
320,MRNA,Moderna,Health Care,Biotechnology,37621518336
498,YUM,Yum! Brands,Consumer Discretionary,Restaurants,37559668736
12,A,Agilent Technologies,Health Care,Health Care Equipment,37308940288
132,CTVA,Corteva,Materials,Fertilizers & Agricultural Chemicals,36759244800
99,CNC,Centene Corporation,Health Care,Managed Health Care,36484907008
37,AME,Ametek,Industrials,Electrical Components & Equipment,36461146112
434,SYY,Sysco,Consumer Staples,Food Distributors,36288610304
226,HAL,Halliburton,Energy,Oil & Gas Equipment & Services,36259217408
153,DG,Dollar General,Consumer Staples,Consumer Staples Merchandise Retail,35979599872
35,AMP,Ameriprise Financial,Financials,Asset Management & Custody Banks,35943305216
58,BKR,Baker Hughes,Energy,Oil & Gas Equipment & Services,35908075520
360,OTIS,Otis Worldwide,Industrials,Industrial Machinery & Supplies & Components,35888123904
494,GWW,W. W. Grainger,Industrials,Industrial Machinery & Supplies & Components,35792646144
282,LHX,L3Harris,Industrials,Aerospace & Defense,35689156608
120,CTSH,Cognizant,Information Technology,IT Consulting & Other Services,35650256896
71,BK,BNY Mellon,Financials,Asset Management & Custody Banks,35391750144
161,DD,DuPont,Materials,Specialty Chemicals,34924306432
150,DLR,Digital Realty,Real Estate,Data Center REITs,34893172736
288,LEN,Lennar,Consumer Discretionary,Homebuilding,34818174976
281,KR,Kroger,Consumer Staples,Food Retail,34731728896
128,CEG,Constellation Energy,Utilities,Multi-Utilities,34437849088
385,PRU,Prudential Financial,Financials,Life & Health Insurance,34434097152
405,ROK,Rockwell Automation,Industrials,Electrical Components & Equipment,34086285312
470,VRSK,Verisk,Industrials,Research & Consulting Services,34035009536
138,CMI,Cummins,Industrials,Industrial Machinery & Supplies & Components,33691756544
169,EA,Electronic Arts,Communication Services,Interactive Home Entertainment,33384673280
464,URI,United Rentals,Industrials,Trading Companies & Distributors,33328445440
481,WBD,Warner Bros. Discovery,Communication Services,Broadcasting,33191999488
201,FIS,FIS,Financials,Transaction & Payment Processing Services,33143887872
224,GPN,Global Payments,Financials,Transaction & Payment Processing Services,33102999552
133,CSGP,CoStar Group,Industrials,Research & Consulting Services,32813852672
195,FAST,Fastenal,Industrials,Building Products,32783087616
496,XEL,Xcel Energy,Utilities,Multi-Utilities,32528789504
154,DLTR,Dollar Tree,Consumer Staples,Consumer Staples Merchandise Retail,32430753792
296,LYB,LyondellBasell,Materials,Specialty Chemicals,32425891840
379,PPG,PPG Industries,Materials,Specialty Chemicals,32378324992
214,GEHC,GE HealthCare,Health Care,Health Care Technology,32298047488
147,DVN,Devon Energy,Energy,Oil & Gas Exploration & Production,31928680448
242,HPQ,HP Inc.,Information Technology,"Technology Hardware, Storage & Peripherals",31875958784
336,NEM,Newmont,Materials,Gold,31280652288
126,ED,Consolidated Edison,Utilities,Electric Utilities,31244048384
475,VICI,Vici Properties,Real Estate,Hotel & Resort REITs,30865317888
386,PEG,Public Service Enterprise Group,Utilities,Electric Utilities,30027712512
477,VMC,Vulcan Materials Company,Materials,Construction Materials,29682802688
357,OKE,ONEOK,Energy,Oil & Gas Storage & Transportation,29385320448
487,WST,West Pharmaceutical Services,Health Care,Health Care Supplies,29267175424
391,PWR,Quanta Services,Industrials,Construction & Engineering,29052620800
190,EXR,Extra Space Storage,Real Estate,Self-Storage REITs,28670201856
47,ACGL,Arch Capital Group,Financials,Reinsurance,28449392640
250,ILMN,Illumina,Health Care,Life Sciences Tools & Services,28250890240
21,ALL,Allstate,Financials,Property & Casualty Insurance,28230305792
145,DAL,Delta Air Lines,Industrials,Passenger Airlines,28188143616
303,MLM,Martin Marietta Materials,Materials,Construction Materials,28017334272
207,FTV,Fortive,Industrials,Industrial Machinery & Supplies & Components,27908462592
275,KEYS,Keysight,Information Technology,Electronic Equipment & Instruments,27595294720
97,CDW,CDW,Information Technology,Technology Distributors,27580790784
252,IR,Ingersoll Rand,Industrials,Industrial Machinery & Supplies & Components,27466842112
314,MTD,Mettler Toledo,Health Care,Life Sciences Tools & Services,27172923392
484,WEC,WEC Energy Group,Utilities,Electric Utilities,27165263872
34,AWK,American Water Works,Utilities,Water Utilities,27129481216
149,FANG,Diamondback Energy,Energy,Oil & Gas Exploration & Production,26928676864
213,IT,Gartner,Information Technology,IT Consulting & Other Services,26820913152
18,ALGN,Align Technology,Health Care,Health Care Supplies,26781333504
167,EIX,Edison International,Utilities,Electric Utilities,26644127744
55,AVB,AvalonBay Communities,Real Estate,Residential REITs,26394775552
131,GLW,Corning Inc.,Information Technology,Electronic Components,26391701504
409,RCL,Royal Caribbean Group,Consumer Discretionary,"Hotels, Resorts & Cruise Lines",26340911104
402,RMD,ResMed,Health Care,Health Care Equipment,26319015936
46,APTV,Aptiv,Consumer Discretionary,Automotive Parts & Equipment,26312116224
96,CBRE,CBRE Group,Real Estate,Real Estate Services,26143860736
41,ANSS,Ansys,Information Technology,Application Software,26095448064
500,ZBH,Zimmer Biomet,Health Care,Health Care Equipment,26000369664
151,DFS,Discover Financial,Financials,Consumer Finance,25572499456
436,TROW,T. Rowe Price,Financials,Asset Management & Custody Banks,25441513472
479,WBA,Walgreens Boots Alliance,Consumer Staples,Drug Retail,25185638400
332,NDAQ,"Nasdaq, Inc.",Financials,Financial Exchanges & Data,25041285120
412,SBAC,SBA Communications,Real Estate,Telecom Tower REITs,24997365760
180,EQR,Equity Residential,Real Estate,Residential REITs,24897847296
178,EFX,Equifax,Industrials,Research & Consulting Services,24871378944
497,XYL,Xylem Inc.,Industrials,Industrial Machinery & Supplies & Components,24435148800
450,TSCO,Tractor Supply,Consumer Discretionary,Specialty Stores,24163031040
490,WY,Weyerhaeuser,Real Estate,Timber REITs,24158445568
325,MPWR,Monolithic Power Systems,Information Technology,Semiconductors,23921111040
437,TTWO,Take-Two Interactive,Communication Services,Interactive Home Entertainment,23836301312
89,CAH,Cardinal Health,Health Care,Health Care Distributors,23586144256
109,CHD,Church & Dwight,Consumer Staples,Household Products,23529676800
165,EBAY,eBay,Consumer Discretionary,Broadline Retail,23442870272
307,MKC,McCormick & Company,Consumer Staples,Packaged Foods & Meats,23267088384
428,STT,State Street Corporation,Financials,Asset Management & Custody Banks,23236366336
186,ES,Eversource,Utilities,Multi-Utilities,23117756416
227,HIG,Hartford (The),Financials,Property & Casualty Insurance,22758840320
239,HRL,Hormel Foods,Consumer Staples,Packaged Foods & Meats,22631884800
395,RJF,Raymond James,Financials,Investment Banking & Brokerage,22504947712
234,HPE,Hewlett Packard Enterprise,Information Technology,"Technology Hardware, Storage & Peripherals",22478907392
460,ULTA,Ulta Beauty,Consumer Discretionary,Specialty Stores,22469236736
430,STE,Steris,Health Care,Health Care Equipment,22462832640
297,MTB,M&T Bank,Financials,Regional Banks,22112940032
159,DTE,DTE Energy,Utilities,Multi-Utilities,22032019456
221,GPC,Genuine Parts Company,Consumer Discretionary,Specialty Stores,22022082560
272,K,Kellogg's,Consumer Staples,Packaged Foods & Meats,21964447744
62,BAX,Baxter International,Health Care,Health Care Equipment,21748109312
91,CCL,Carnival,Consumer Discretionary,"Hotels, Resorts & Cruise Lines",21680762880
194,FICO,Fair Isaac,Information Technology,Application Software,21601286144
459,UDR,"UDR, Inc.",Real Estate,Residential REITs,21598658560
493,WTW,Willis Towers Watson,Financials,Insurance Brokers,21574703104
16,ALB,Albemarle Corporation,Materials,Specialty Chemicals,21516089344
469,VRSN,Verisign,Information Technology,Internet Services & Infrastructure,21490618368
79,BR,Broadridge Financial Solutions,Industrials,Data Processing & Outsourced Services,21481979904
199,FSLR,First Solar,Information Technology,Semiconductors,21417545728
262,INVH,Invitation Homes,Real Estate,Residential REITs,21214130176
135,CTRA,Coterra,Energy,Oil & Gas Exploration & Production,21106427904
28,AEE,Ameren,Utilities,Multi-Utilities,21078310912
200,FE,FirstEnergy,Utilities,Electric Utilities,21043167232
17,ARE,Alexandria Real Estate Equities,Real Estate,Office REITs,20867176448
265,JBHT,J.B. Hunt,Industrials,Cargo Ground Transportation,20793014272
478,WAB,Wabtec,Industrials,Construction Machinery & Heavy Transportation Equipment,20437729280
291,LYV,Live Nation Entertainment,Communication Services,Movies & Entertainment,20422213632
241,HWM,Howmet Aerospace,Industrials,Aerospace & Defense,20342183936
174,ETR,Entergy,Utilities,Electric Utilities,20210106368
406,ROL,"Rollins, Inc.",Industrials,Environmental & Facilities Services,20169773056
80,BRO,Brown & Brown,Financials,Insurance Brokers,20087668736
116,CLX,Clorox,Consumer Staples,Household Products,19998035968
350,NVR,"NVR, Inc.",Consumer Discretionary,Homebuilding,19914317824
425,LUV,Southwest Airlines,Industrials,Passenger Airlines,19911143424
157,DOV,Dover Corporation,Industrials,Industrial Machinery & Supplies & Components,19864918016
212,GRMN,Garmin,Consumer Discretionary,Consumer Electronics,19754518528
203,FLT,Fleetcor,Financials,Transaction & Payment Processing Services,19607779328
457,TSN,Tyson Foods,Consumer Staples,Packaged Foods & Meats,19512375296
142,DRI,Darden Restaurants,Consumer Discretionary,Restaurants,19370149888
283,LH,LabCorp,Health Care,Health Care Services,19295307776
380,PPL,PPL Corporation,Utilities,Electric Utilities,19219050496
400,RF,Regions Financial Corporation,Financials,Regional Banks,19033638912
439,TRGP,Targa Resources,Energy,Oil & Gas Storage & Transportation,19005937664
442,TDY,Teledyne Technologies,Information Technology,Electronic Equipment & Instruments,18767196160
381,PFG,Principal Financial Group,Financials,Life & Health Insurance,18700957696
129,COO,CooperCompanies,Health Care,Health Care Supplies,18595416064
236,HOLX,Hologic,Health Care,Health Care Equipment,18531000320
198,FITB,Fifth Third Bank,Financials,Regional Banks,18451034112
322,MOH,Molina Healthcare,Health Care,Managed Health Care,18388111360
173,ENPH,Enphase,Information Technology,Electronic Components,18196701184
100,CNP,CenterPoint Energy,Utilities,Multi-Utilities,18138929152
389,PHM,PulteGroup,Consumer Discretionary,Homebuilding,18097629184
59,BALL,Ball Corporation,Materials,"Metal, Glass & Plastic Containers",17781397504
189,EXPD,Expeditors International,Industrials,Air Freight & Logistics,17714704384
264,IRM,Iron Mountain,Real Estate,Other Specialized REITs,17541124096
429,STLD,Steel Dynamics,Materials,Steel,17506850816
267,J,Jacobs Solutions,Industrials,Construction & Engineering,17259210752
66,BBY,Best Buy,Consumer Discretionary,Computer & Electronics Retail,17225578496
319,MAA,Mid-America Apartment Communities,Real Estate,Residential REITs,17155345408
483,WAT,Waters Corporation,Health Care,Health Care Distributors,17077830656
462,UAL,United Airlines Holdings,Industrials,Passenger Airlines,17048399872
387,PTC,PTC,Information Technology,Application Software,17042832384
244,HBAN,Huntington Bancshares,Financials,Regional Banks,16969153536
420,SWKS,Skyworks Solutions,Information Technology,Semiconductors,16966720512
468,VTR,Ventas,Real Estate,Health Care REITs,16926200832
247,IEX,IDEX Corporation,Industrials,Industrial Machinery & Supplies & Components,16861472768
82,BG,Bunge Limited,Consumer Staples,Agricultural Products & Services,16860179456
111,CINF,Cincinnati Financial,Financials,Property & Casualty Insurance,16855589888
52,ATO,Atmos Energy,Utilities,Gas Utilities,16822622208
367,PAYC,Paycom,Information Technology,Application Software,16798824448
208,FOXA,Fox Corporation (Class A),Communication Services,Movies & Entertainment,16797015040
209,FOX,Fox Corporation (Class B),Communication Services,Movies & Entertainment,16742283264
118,CMS,CMS Energy,Utilities,Multi-Utilities,16679805952
315,MGM,MGM Resorts,Consumer Discretionary,Casinos & Gaming,16549217280
64,WRB,Berkley,Financials,Property & Casualty Insurance,16410269696
256,IFF,International Flavors & Fragrances,Materials,Specialty Chemicals,16346231808
298,MRO,Marathon Oil,Energy,Oil & Gas Exploration & Production,16314009600
333,NTAP,NetApp,Information Technology,"Technology Hardware, Storage & Peripherals",16248847360
193,FDS,FactSet,Financials,Financial Exchanges & Data,16245552128
344,NTRS,Northern Trust,Financials,Asset Management & Custody Banks,16243604480
188,EXPE,Expedia Group,Consumer Discretionary,"Hotels, Restaurants & Leisure",16234499072
181,ESS,Essex Property Trust,Real Estate,Residential REITs,16215291904
456,TYL,Tyler Technologies,Information Technology,Application Software,16195115008
95,CBOE,Cboe Global Markets,Financials,Financial Exchanges & Data,15884664832
444,TER,Teradyne,Information Technology,Semiconductor Materials & Equipment,15855839232
14,AKAM,Akamai,Information Technology,Internet Services & Infrastructure,15743775744
253,PODD,Insulet,Health Care,Health Care Equipment,15725463552
447,TXT,Textron,Industrials,Aerospace & Defense,15724989440
355,OMC,Omnicom Group,Communication Services,Advertising,15685161984
57,AXON,Axon Enterprise,Industrials,Aerospace & Defense,15509262336
177,EQT,EQT,Energy,Oil & Gas Exploration & Production,15481937920
184,EG,Everest Re,Financials,Reinsurance,15422382080
102,CF,CF Industries,Materials,Fertilizers & Agricultural Chemicals,15244027904
421,SJM,J.M. Smucker Company (The),Consumer Staples,Packaged Foods & Meats,15135468544
393,DGX,Quest Diagnostics,Health Care,Health Care Services,15106094080
124,CAG,Conagra Brands,Consumer Staples,Packaged Foods & Meats,14872345600
56,AVY,Avery Dennison,Materials,Paper & Plastic Packaging Products & Materials,14856834048
403,RVTY,Revvity,Health Care,Health Care Equipment,14812073984
251,INCY,Incyte,Health Care,Biotechnology,14615610368
378,POOL,Pool Corporation,Consumer Discretionary,Distributors,14509328384
294,L,Loews Corporation,Financials,Multi-line Insurance,14359853056
426,SWK,Stanley Black & Decker,Industrials,Industrial Machinery & Supplies & Components,14305088512
26,AMCR,Amcor,Materials,Paper & Plastic Packaging Products & Materials,14262998016
432,SYF,Synchrony Financial,Financials,Consumer Finance,14255858688
422,SNA,Snap-on,Industrials,Industrial Machinery & Supplies & Components,14214960128
115,CFG,Citizens Financial Group,Financials,Regional Banks,14190648320
292,LKQ,LKQ Corporation,Consumer Discretionary,Distributors,14178397184
285,LW,Lamb Weston,Consumer Staples,Packaged Foods & Meats,14156601344
414,STX,Seagate Technology,Information Technology,"Technology Hardware, Storage & Peripherals",13973894144
323,TAP,Molson Coors Beverage Company,Consumer Staples,Brewers,13929835520
210,BEN,Franklin Templeton,Financials,Asset Management & Custody Banks,13808792576
342,NDSN,Nordson Corporation,Industrials,Industrial Machinery & Supplies & Components,13777598464
454,TRMB,Trimble Inc.,Information Technology,Electronic Equipment & Instruments,13733855232
156,DPZ,Domino's,Consumer Discretionary,Restaurants,13730996224
176,EPAM,EPAM Systems,Information Technology,IT Consulting & Other Services,13704204288
43,APA,APA Corporation,Energy,Oil & Gas Exploration & Production,13618475008
98,CE,Celanese,Materials,Specialty Chemicals,13612642304
488,WDC,Western Digital,Information Technology,"Technology Hardware, Storage & Peripherals",13597322240
362,PKG,Packaging Corporation of America,Materials,Paper & Plastic Packaging Products & Materials,13581560832
474,VTRS,Viatris,Health Care,Pharmaceuticals,13483091968
287,LDOS,Leidos,Industrials,Diversified Support Services,13429821440
329,MOS,Mosaic Company (The),Materials,Fertilizers & Agricultural Chemicals,13413881856
499,ZBRA,Zebra Technologies,Information Technology,Electronic Equipment & Instruments,13389879296
90,KMX,CarMax,Consumer Discretionary,Automotive Retail,13333938176
215,GEN,Gen Digital,Information Technology,Application Software,13276774400
185,EVRG,Evergy,Utilities,Electric Utilities,13267522560
68,TECH,Bio-Techne,Health Care,Life Sciences Tools & Services,13218409472
304,MAS,Masco,Industrials,Building Products,13185713152
87,CPB,Campbell Soup Company,Consumer Staples,Packaged Foods & Meats,13151818752
20,LNT,Alliant Energy,Utilities,Electric Utilities,12873579520
10,AES,AES Corporation,Utilities,Independent Power Producers & Energy Traders,12700650496
258,IPG,Interpublic Group of Companies (The),Communication Services,Advertising,12632929280
277,KIM,Kimco Realty,Real Estate,Retail REITs,12611701760
266,JKHY,Jack Henry & Associates,Financials,Transaction & Payment Processing Services,12506857472
306,MTCH,Match Group,Communication Services,Interactive Media & Services,12358098944
338,NWS,News Corp (Class B),Communication Services,Publishing,12217507840
337,NWSA,News Corp (Class A),Communication Services,Publishing,12136586240
257,IP,International Paper,Materials,Paper & Plastic Packaging Products & Materials,12013378560
85,CZR,Caesars Entertainment,Consumer Discretionary,Casinos & Gaming,11699565568
240,HST,Host Hotels & Resorts,Real Estate,Hotel & Resort REITs,11536328704
86,CPT,Camden Property Trust,Real Estate,Residential REITs,11439548416
369,PNR,Pentair,Industrials,Industrial Machinery & Supplies & Components,11434334208
495,WYNN,Wynn Resorts,Consumer Discretionary,Casinos & Gaming,11388904448
101,CDAY,Ceridian,Information Technology,Application Software,11354470400
230,PEAK,Healthpeak,Real Estate,Health Care REITs,11332388864
67,BIO,Bio-Rad,Health Care,Life Sciences Tools & Services,11301211136
398,REG,Regency Centers,Real Estate,Retail REITs,11083177984
204,FMC,FMC Corporation,Materials,Fertilizers & Agricultural Chemicals,11056295936
83,CHRW,C.H. Robinson,Industrials,Air Freight & Logistics,10999992320
341,NI,NiSource,Utilities,Multi-Utilities,10979214336
103,CRL,Charles River Laboratories,Health Care,Life Sciences Tools & Services,10947766272
223,GL,Globe Life,Financials,Life & Health Insurance,10908899328
1,AOS,A. O. Smith,Industrials,Building Products,10692664320
443,TFX,Teleflex,Health Care,Health Care Equipment,10679955456
75,BXP,Boston Properties,Real Estate,Office REITs,10475794432
274,KEY,KeyCorp,Financials,Regional Banks,10428744704
29,AAL,American Airlines Group,Industrials,Passenger Airlines,10123843584
231,HSIC,Henry Schein,Health Care,Health Care Distributors,10009612288
390,QRVO,Qorvo,Information Technology,Semiconductors,9949430784
163,EMN,Eastman Chemical Company,Materials,Diversified Chemicals,9938468864
364,PARA,Paramount Global,Communication Services,Movies & Entertainment,9850769408
423,SEDG,SolarEdge,Information Technology,Semiconductor Materials & Equipment,9791063040
19,ALLE,Allegion,Industrials,Building Products,9754608640
143,DVA,DaVita Inc.,Health Care,Health Care Facilities,9612494848
74,BWA,BorgWarner,Consumer Discretionary,Automotive Parts & Equipment,9514606592
192,FFIV,"F5, Inc.",Information Technology,Communications Equipment,9463845888
183,ETSY,Etsy,Consumer Discretionary,Broadline Retail,9446456320
466,UHS,Universal Health Services,Health Care,Health Care Facilities,9124165632
300,MKTX,MarketAxess,Financials,Financial Exchanges & Data,9078702080
245,HII,Huntington Ingalls Industries,Industrials,Aerospace & Defense,9024872448
228,HAS,Hasbro,Consumer Discretionary,Leisure Products,8949982208
271,JNPR,Juniper Networks,Information Technology,Communications Equipment,8893627392
375,PNW,Pinnacle West,Utilities,Multi-Utilities,8720711680
61,BBWI,"Bath & Body Works, Inc.",Consumer Discretionary,Specialty Stores,8570464768
489,WRK,WestRock,Materials,Paper & Plastic Packaging Products & Materials,8567548928
196,FRT,Federal Realty,Real Estate,Retail REITs,8351613440
347,NRG,NRG Energy,Utilities,Independent Power Producers & Energy Traders,8315979776
438,TPR,"Tapestry, Inc.",Consumer Discretionary,"Apparel, Accessories & Luxury Goods",8207967232
93,CTLT,Catalent,Health Care,Pharmaceuticals,8196066304
146,XRAY,Dentsply Sirona,Health Care,Health Care Supplies,8192174592
404,RHI,Robert Half,Industrials,Human Resource & Employment Services,8141494784
473,VFC,VF Corporation,Consumer Discretionary,"Apparel, Accessories & Luxury Goods",7923996160
394,RL,Ralph Lauren Corporation,Consumer Discretionary,"Apparel, Accessories & Luxury Goods",7850689536
491,WHR,Whirlpool Corporation,Consumer Discretionary,Household Appliances,7701374464
50,AIZ,Assurant,Financials,Multi-line Insurance,7573039616
261,IVZ,Invesco,Financials,Asset Management & Custody Banks,7535317504
346,NCLH,Norwegian Cruise Line Holdings,Consumer Discretionary,"Hotels, Resorts & Cruise Lines",7486512128
123,CMA,Comerica,Financials,Diversified Banks,6657235456
216,GNRC,Generac,Industrials,Electrical Components & Equipment,6514437632
321,MHK,Mohawk Industries,Consumer Discretionary,Home Furnishings,6448514560
359,OGN,Organon & Co.,Health Care,Pharmaceuticals,5876628480
15,ALK,Alaska Air Group,Industrials,Passenger Airlines,5831462400
501,ZION,Zions Bancorporation,Financials,Regional Banks,5530215936
415,SEE,Sealed Air,Materials,Paper & Plastic Packaging Products & Materials,5457068544
289,LNC,Lincoln Financial,Financials,Multi-line Insurance,4442446336
335,NWL,Newell Brands,Consumer Discretionary,Housewares & Specialties,4279723520
162,DXC,DXC Technology,Information Technology,IT Consulting & Other Services,4263899136
9,AAP,Advance Auto Parts,Consumer Discretionary,Automotive Retail,4248158208
65,BRK.B,Berkshire Hathaway,Financials,Multi-Sector Holdings,0
81,BF.B,Brown–Forman,Consumer Staples,Distillers & Vintners,0
